<?xml version="1.0" encoding="UTF-8" standalone="yes" ?>
<!--
 * This file is part of the Code::Blocks IDE and licensed under the GNU General Public License, version 3
 * http://www.gnu.org/licenses/gpl-3.0.html
 *
 * Copyright: 2008 Jens Lody
 *
 * $Revision: 6050 $
 * $Id: manifest.xml 6050 2010-01-05 11:37:49Z jenslody $
 * $HeadURL: svn+ssh://killerbot@svn.berlios.de/svnroot/repos/codeblocks/trunk/src/plugins/contrib/IncrementalSearch/manifest.xml $
 -->
<CodeBlocks_plugin_manifest_file>
    <SdkVersion major="1" minor="11"  release="12" />
    <Plugin name="IncrementalSearch">
        <Value title="IncrementalSearch" />
        <Value version="0.8" />
        <Value description="Searches and highlights a marked text incrementally within the open editor." />
        <Value author="Jens Lody" />
        <Value authorEmail="debian@jenslody.de" />
        <Value authorWebsite="apt.jenslody.de" />
        <Value thanksTo="The Code::Blocks team" />
        <Value license="GPL" />
    </Plugin>
</CodeBlocks_plugin_manifest_file>
