<?xml version="1.0" encoding="UTF-8" standalone="yes" ?>
<CodeBlocks_plugin_manifest_file>
    <SdkVersion major="1" minor="10" release="0" />
    <Plugin name="CodeSnippets">
        <Value title="Code snippets" />
        <Value version="0.3.2" />
        <Value description="Code Snippets allows you to create and save small pieces of code (snippets) for later use.

Documentation is available at the Code::Blocks Wiki at http://wiki.codeblocks.org/index.php?title=Code_Snippets_plugin." />
        <Value author="Arto Jonsson" />
        <Value authorEmail="arto.jonsson@gmail.com" />
        <Value authorWebsite="http://ajonsson.kapsi.fi/" />
        <Value thanksTo="Technical help

    wxWidgets Discussion Forum
    (http://wxforum.shadonet.com/)

    Pecan Heber

Special thanks

    Code::Blocks developers

    wxWidgets developers

    TinyXML developers" />
        <Value license="GPL" />
    </Plugin>
</CodeBlocks_plugin_manifest_file>
