<?xml version="1.0" encoding="UTF-8" standalone="yes" ?>
<CodeBlocks_plugin_manifest_file>
    <SdkVersion major="1" minor="11"  release="12" />
    <Plugin name="NassiShneidermanPlugin">
        <Value title="NassiShneidermanPlugin" />
        <Value version="0.1" />
        <Value description="" />
        <Value author="Daniel Anselmi" />
        <Value authorEmail="danselmi@NOSPAM@gmx.ch" />
        <Value authorWebsite="www.danselmi.ch" />
        <Value thanksTo="" />
        <Value license="GPL" />
    </Plugin>
</CodeBlocks_plugin_manifest_file>
